"disasterNumber","state","CountyArea","ReservationArea","declarationDate","fyDeclared","incidentType","declarationTitle","ihProgramDeclared","iaProgramDeclared","paProgramDeclared","hmProgramDeclared","incidentBeginDate","incidentEndDate","disasterCloseoutDate","fipsStateCode","fipsCountyCode","placeCode","declarationRequestNumber","lastIAFilingDate","lastRefresh","hash","id","BeginYear","BeginMonth","EndYear","EndMonth","FloodDuration"
4628,"VA","Buchanan ",NA,2021-10-26,2022,"Flood","FLOODING, LANDSLIDES, AND MUDSLIDES",0,0,1,1,2021-08-30,2021-08-31,"",51,27,99027,21111,"","2023-05-22T03:41:22.800Z","ef7166072252d326067d64d2e93f0d22b66b6771","f69aae5d-7300-4f75-9524-51ce97cf00b7",2021,8,2021,8,2
4624,"NH","Cheshire ",NA,2021-10-04,2022,"Flood","SEVERE STORM AND FLOODING",0,0,1,1,2021-07-29,2021-08-02,"",33,5,99005,21104,"","2023-05-22T03:41:22.800Z","9b1fe7e266f0068f026da36067e1eac5ce7cddf2","d7c8d75b-bec5-41dd-9c8a-a47f4b394bf5",2021,7,2021,8,5
4624,"NH","Sullivan ",NA,2021-10-04,2022,"Flood","SEVERE STORM AND FLOODING",0,0,1,1,2021-07-29,2021-08-02,"",33,19,99019,21104,"","2023-05-22T03:41:22.800Z","8d31395b8dc8b7baf75850de862dd93dd7b19cf5","787a1b78-fd99-4bce-9146-fc0cca465866",2021,7,2021,8,5
4621,"VT","Bennington ",NA,2021-09-29,2021,"Flood","SEVERE STORM AND FLOODING",0,0,1,1,2021-07-29,2021-07-30,"",50,3,99003,21103,"","2023-05-22T03:41:22.800Z","0fa835432c30b0e1f72f73fd5e49d97980681a79","4a2dde3b-9597-4773-b92f-b08b0f015c5e",2021,7,2021,7,2
4621,"VT","Windham ",NA,2021-09-29,2021,"Flood","SEVERE STORM AND FLOODING",0,0,1,1,2021-07-29,2021-07-30,"",50,25,99025,21103,"","2023-05-22T03:41:22.800Z","f78137fd8d121b0b04cc31bc6f3ddadaf85d4dba","0d08b9a0-1c07-4e83-b99b-820e5734667f",2021,7,2021,7,2
4620,"AZ","Apache ",NA,2021-09-13,2021,"Flood","SEVERE STORMS AND FLOODING",0,0,1,1,2021-07-22,2021-07-24,"",4,1,99001,21096,"","2023-05-22T03:41:22.800Z","109df24ed94bdba751a33cae7be7983383aa0f90","9bba7933-d307-4593-9aef-40e40ef02bb6",2021,7,2021,7,3
4620,"AZ","Coconino ",NA,2021-09-13,2021,"Flood","SEVERE STORMS AND FLOODING",0,0,1,1,2021-07-22,2021-07-24,"",4,5,99005,21096,"","2023-05-22T03:41:22.800Z","523fa4802eed2db1791871b9cc88bcb3830a179e","a38cfa29-fd47-4341-932c-09b85a2d9b3c",2021,7,2021,7,3
4620,"AZ","Navajo ",NA,2021-09-13,2021,"Flood","SEVERE STORMS AND FLOODING",0,0,1,1,2021-07-22,2021-07-24,"",4,17,99017,21096,"","2023-05-22T03:41:22.800Z","ba2cc53a831a2889a5cc1a6ec4b98c73e75c6dbd","530e9296-758d-4655-a194-3ff302b53697",2021,7,2021,7,3
4609,"TN","Dickson ",NA,2021-08-23,2021,"Flood","SEVERE STORM AND FLOODING",1,0,1,1,2021-08-21,2021-08-21,"",47,43,99043,21086,"2021-10-25T00:00:00.000Z","2023-05-22T03:41:22.800Z","111995905c15c7b9da53f5dbfd945c723e4035d5","8663e7cf-53ce-4c15-b329-697c53624e51",2021,8,2021,8,1
4609,"TN","Hickman ",NA,2021-08-23,2021,"Flood","SEVERE STORM AND FLOODING",1,0,1,1,2021-08-21,2021-08-21,"",47,81,99081,21086,"2021-10-25T00:00:00.000Z","2023-05-22T03:41:22.800Z","5154ae6d1f99b655c949a1d7f9047613eae5d0db","66168ab3-c9dc-4d68-a87f-5f08d60a3a33",2021,8,2021,8,1
4609,"TN","Houston ",NA,2021-08-23,2021,"Flood","SEVERE STORM AND FLOODING",1,0,1,1,2021-08-21,2021-08-21,"",47,83,99083,21086,"2021-10-25T00:00:00.000Z","2023-05-22T03:41:22.800Z","ddd0737eae73002b0d95edbd602f0153337ef04d","a318a3e6-6980-4aa7-8bd0-5c632189b67d",2021,8,2021,8,1
4609,"TN","Humphreys ",NA,2021-08-23,2021,"Flood","SEVERE STORM AND FLOODING",1,0,1,1,2021-08-21,2021-08-21,"",47,85,99085,21086,"2021-10-25T00:00:00.000Z","2023-05-22T03:41:22.800Z","32fde9069acb449fc4a33a10ebb6c1510a3ee1e3","092fb147-59a1-4571-9866-3501f2c35440",2021,8,2021,8,1
4606,"LA",NA,NA,2021-06-02,2021,"Flood","SEVERE STORMS, TORNADOES, AND FLOODING",0,0,1,1,2021-05-17,2021-05-21,"",22,7,99007,21039,"2021-08-02T00:00:00.000Z","2023-05-22T03:41:22.800Z","f3d171f6f950e6a5c9eebf384aff047a9f86210b","7d2823c8-b4ec-40ba-9aa3-1c42d8c3240d",2021,5,2021,5,5
4606,"LA",NA,NA,2021-06-02,2021,"Flood","SEVERE STORMS, TORNADOES, AND FLOODING",0,0,1,1,2021-05-17,2021-05-21,"",22,57,99057,21039,"2021-08-02T00:00:00.000Z","2023-05-22T03:41:22.800Z","3b86e284b26e2a5fb2f3b44641c9276ae1ebbd53","4f6658f4-83c2-43d3-8d24-1a80bd40b6cd",2021,5,2021,5,5
4606,"LA",NA,NA,2021-06-02,2021,"Flood","SEVERE STORMS, TORNADOES, AND FLOODING",1,0,0,1,2021-05-17,2021-05-21,"",22,55,99055,21039,"2021-08-02T00:00:00.000Z","2023-05-22T03:41:22.800Z","cdac46f09f9a68d0e4a5e5814d9c451c349c9892","cb2a1837-75cc-480e-af1d-df14db4882ca",2021,5,2021,5,5
4606,"LA",NA,NA,2021-06-02,2021,"Flood","SEVERE STORMS, TORNADOES, AND FLOODING",1,0,1,1,2021-05-17,2021-05-21,"",22,5,99005,21039,"2021-08-02T00:00:00.000Z","2023-05-22T03:41:22.800Z","4733c23c71ba49a16c755d9de0bd27a753bad41b","1dec8e8f-f8ef-46b4-bdc3-ba8aad8f0d1d",2021,5,2021,5,5
4606,"LA",NA,NA,2021-06-02,2021,"Flood","SEVERE STORMS, TORNADOES, AND FLOODING",1,0,1,1,2021-05-17,2021-05-21,"",22,19,99019,21039,"2021-08-02T00:00:00.000Z","2023-05-22T03:41:22.800Z","13f82024464e642b27165af40a9610e2f41c04dd","d38759a3-50e3-4fcd-82df-56bdc6ce8f94",2021,5,2021,5,5
4606,"LA",NA,NA,2021-06-02,2021,"Flood","SEVERE STORMS, TORNADOES, AND FLOODING",1,0,1,1,2021-05-17,2021-05-21,"",22,33,99033,21039,"2021-08-02T00:00:00.000Z","2023-05-22T03:41:22.800Z","8a480c5cada80b60ae8b90928d4c27bc2cc712ec","63c55cef-2207-4860-bb9c-d838cefcd2c4",2021,5,2021,5,5
4606,"LA",NA,NA,2021-06-02,2021,"Flood","SEVERE STORMS, TORNADOES, AND FLOODING",1,0,1,1,2021-05-17,2021-05-21,"",22,47,99047,21039,"2021-08-02T00:00:00.000Z","2023-05-22T03:41:22.800Z","4990620aec55b36c0e988953eaa2a2d83bd15861","d4f23401-a890-44f5-9a33-3c1eda983292",2021,5,2021,5,5
4605,"WV","Boone ",NA,2021-05-20,2021,"Flood","SEVERE STORMS AND FLOODING",0,0,1,1,2021-02-27,2021-03-04,"",54,5,99005,21037,"2021-07-19T00:00:00.000Z","2023-05-22T03:41:22.800Z","1b03d2f072ab789077da8a0cb6a5c3a564b26f8a","1161b08b-3dfb-4457-af4a-32a12d6a4a9b",2021,2,2021,3,6
4605,"WV","Lincoln ",NA,2021-05-20,2021,"Flood","SEVERE STORMS AND FLOODING",0,0,1,1,2021-02-27,2021-03-04,"",54,43,99043,21037,"2021-07-19T00:00:00.000Z","2023-05-22T03:41:22.800Z","c1c489a9df03a26ff5438a154d34c18bcf79d61b","be88c6c1-1245-4fe5-aa36-01a8be204082",2021,2,2021,3,6
4605,"WV","Logan ",NA,2021-05-20,2021,"Flood","SEVERE STORMS AND FLOODING",0,0,1,1,2021-02-27,2021-03-04,"",54,45,99045,21037,"2021-07-19T00:00:00.000Z","2023-05-22T03:41:22.800Z","ac535797f232b649e445a582e19521d041f621b3","57baa80d-da43-4335-9791-fe260fc93e8a",2021,2,2021,3,6
4605,"WV","Cabell ",NA,2021-05-20,2021,"Flood","SEVERE STORMS AND FLOODING",1,0,0,1,2021-02-27,2021-03-04,"",54,11,99011,21037,"2021-07-19T00:00:00.000Z","2023-05-22T03:41:22.800Z","a05b91fe53372ddb0ed95ca5393bcbee70cb0527","b7b41889-bab6-4f47-97ed-425bed4ebb7e",2021,2,2021,3,6
4605,"WV","Kanawha ",NA,2021-05-20,2021,"Flood","SEVERE STORMS AND FLOODING",1,0,1,1,2021-02-27,2021-03-04,"",54,39,99039,21037,"2021-07-19T00:00:00.000Z","2023-05-22T03:41:22.800Z","2364dc184560a3d0bcbab0c4c47f53eb8a4fc0af","84b67bb6-aa48-4087-89cf-a87db1034b17",2021,2,2021,3,6
4605,"WV","Mingo ",NA,2021-05-20,2021,"Flood","SEVERE STORMS AND FLOODING",1,0,1,1,2021-02-27,2021-03-04,"",54,59,99059,21037,"2021-07-19T00:00:00.000Z","2023-05-22T03:41:22.800Z","f128cc23241b61660914567a279147f91defdc04","22573820-5728-4555-8f47-5b10b3b7d23a",2021,2,2021,3,6
4605,"WV","Wayne ",NA,2021-05-20,2021,"Flood","SEVERE STORMS AND FLOODING",1,0,1,1,2021-02-27,2021-03-04,"",54,99,99099,21037,"2021-07-19T00:00:00.000Z","2023-05-22T03:41:22.800Z","393010c254f47bb98e18aa1075275bf1b31b322c","4f135c03-c4cb-4ab0-9a73-894e6687dcf1",2021,2,2021,3,6
4604,"HI","Maui ",NA,2021-05-13,2021,"Flood","SEVERE STORMS, FLOODING, AND LANDSLIDES",0,0,1,1,2021-03-08,2021-03-18,"",15,9,99009,21034,"","2023-05-22T03:41:22.800Z","4f34fdcb935abfafe81b3b5449c79fdc73f67257","8d2c506c-13ef-4fc7-8a77-c9b3e7e9c954",2021,3,2021,3,11
4595,"KY","Ballard ",NA,2021-04-23,2021,"Flood","SEVERE, STORMS, FLOODING, LANDSLIDES, AND MUDSLIDES",0,0,1,1,2021-02-27,2021-03-14,"",21,7,99007,21025,"2021-07-23T00:00:00.000Z","2023-05-22T03:41:22.800Z","d78bd86754dc63a8fbfe51f87f2965a18e009480","bf1065d5-cb75-4821-9a7f-b63807192dbb",2021,2,2021,3,16
4595,"KY","Bell ",NA,2021-04-23,2021,"Flood","SEVERE, STORMS, FLOODING, LANDSLIDES, AND MUDSLIDES",0,0,1,1,2021-02-27,2021-03-14,"",21,13,99013,21025,"2021-07-23T00:00:00.000Z","2023-05-22T03:41:22.800Z","ff44e1c9d5bca32ca6650cbea65f89821a39b19e","d5469d7e-b3b3-4147-ac1b-19e8c085399c",2021,2,2021,3,16
4595,"KY","Calloway ",NA,2021-04-23,2021,"Flood","SEVERE, STORMS, FLOODING, LANDSLIDES, AND MUDSLIDES",0,0,1,1,2021-02-27,2021-03-14,"",21,35,99035,21025,"2021-07-23T00:00:00.000Z","2023-05-22T03:41:22.800Z","5106e85c0fae8327b5ab9f3edacf00e4961b850f","6144b487-71e5-4f1d-b45e-ffce8d423e21",2021,2,2021,3,16
4595,"KY","Carter ",NA,2021-04-23,2021,"Flood","SEVERE, STORMS, FLOODING, LANDSLIDES, AND MUDSLIDES",0,0,1,1,2021-02-27,2021-03-14,"",21,43,99043,21025,"2021-07-23T00:00:00.000Z","2023-05-22T03:41:22.800Z","12dac1f154ced3025bbb955d3110fea04c8e84cd","48961dfb-c3be-4e32-9e1b-9e0a13e1c6bc",2021,2,2021,3,16
4595,"KY","Casey ",NA,2021-04-23,2021,"Flood","SEVERE, STORMS, FLOODING, LANDSLIDES, AND MUDSLIDES",0,0,1,1,2021-02-27,2021-03-14,"",21,45,99045,21025,"2021-07-23T00:00:00.000Z","2023-05-22T03:41:22.800Z","4c8b19e995e59389916b305f4d23954ff51603d8","c92dcd68-f6c0-433e-893d-ce7f4a22afe1",2021,2,2021,3,16
4595,"KY","Cumberland ",NA,2021-04-23,2021,"Flood","SEVERE, STORMS, FLOODING, LANDSLIDES, AND MUDSLIDES",0,0,1,1,2021-02-27,2021-03-14,"",21,57,99057,21025,"2021-07-23T00:00:00.000Z","2023-05-22T03:41:22.800Z","bc337ee905605d609922eef3932501b2dfd142c4","bded8968-c5df-4ca5-a53a-ddddaf70cf7d",2021,2,2021,3,16
4595,"KY","Edmonson ",NA,2021-04-23,2021,"Flood","SEVERE, STORMS, FLOODING, LANDSLIDES, AND MUDSLIDES",0,0,1,1,2021-02-27,2021-03-14,"",21,61,99061,21025,"2021-07-23T00:00:00.000Z","2023-05-22T03:41:22.800Z","63914ac677e2f469c6ade92019eb825a9123073f","8992551c-6a5d-44fc-a911-31e2096cebec",2021,2,2021,3,16
4595,"KY","Elliott ",NA,2021-04-23,2021,"Flood","SEVERE, STORMS, FLOODING, LANDSLIDES, AND MUDSLIDES",0,0,1,1,2021-02-27,2021-03-14,"",21,63,99063,21025,"2021-07-23T00:00:00.000Z","2023-05-22T03:41:22.800Z","043c08157a962ebd41a0ac1be7cbc66dc7216f95","90465c18-2e60-4153-a9cd-71241121ba3e",2021,2,2021,3,16
4595,"KY","Graves ",NA,2021-04-23,2021,"Flood","SEVERE, STORMS, FLOODING, LANDSLIDES, AND MUDSLIDES",0,0,1,1,2021-02-27,2021-03-14,"",21,83,99083,21025,"2021-07-23T00:00:00.000Z","2023-05-22T03:41:22.800Z","59761e55c4d6203be2744fd6a06f0a28e7ed19f0","c645381c-6d15-4b6c-aac8-89046dbb22aa",2021,2,2021,3,16
4595,"KY","Harlan ",NA,2021-04-23,2021,"Flood","SEVERE, STORMS, FLOODING, LANDSLIDES, AND MUDSLIDES",0,0,1,1,2021-02-27,2021-03-14,"",21,95,99095,21025,"2021-07-23T00:00:00.000Z","2023-05-22T03:41:22.800Z","1f9f0637e46c5ad373beb5d7dda882c4b8b86d5c","c4d9a98f-81dd-414d-a721-ce704c6de48d",2021,2,2021,3,16
4595,"KY","Knox ",NA,2021-04-23,2021,"Flood","SEVERE, STORMS, FLOODING, LANDSLIDES, AND MUDSLIDES",0,0,1,1,2021-02-27,2021-03-14,"",21,121,99121,21025,"2021-07-23T00:00:00.000Z","2023-05-22T03:41:22.800Z","4f8136a0d72c22ce534b95e0aa9efb286e18be52","a0ab7462-7d25-4405-b8ed-e095daafd972",2021,2,2021,3,16
4595,"KY","Marion ",NA,2021-04-23,2021,"Flood","SEVERE, STORMS, FLOODING, LANDSLIDES, AND MUDSLIDES",0,0,1,1,2021-02-27,2021-03-14,"",21,155,99155,21025,"2021-07-23T00:00:00.000Z","2023-05-22T03:41:22.800Z","f584585bdaf35e32559c36b454c6749c3fac45c0","c38e6674-bbb5-49ac-b3cf-241b6f321f65",2021,2,2021,3,16
4595,"KY","Mason ",NA,2021-04-23,2021,"Flood","SEVERE, STORMS, FLOODING, LANDSLIDES, AND MUDSLIDES",0,0,1,1,2021-02-27,2021-03-14,"",21,161,99161,21025,"2021-07-23T00:00:00.000Z","2023-05-22T03:41:22.800Z","fb4618f7176e08c7a781148f548fd328d707cfc9","c1f4537d-c1d2-42cf-abc7-85cc4f2c29ec",2021,2,2021,3,16
4595,"KY","Menifee ",NA,2021-04-23,2021,"Flood","SEVERE, STORMS, FLOODING, LANDSLIDES, AND MUDSLIDES",0,0,1,1,2021-02-27,2021-03-14,"",21,165,99165,21025,"2021-07-23T00:00:00.000Z","2023-05-22T03:41:22.800Z","bcc2e4faf7191f4cb110362b152b4aa8080840c2","f64b1464-86b2-4f70-ad5a-85002a5a22a3",2021,2,2021,3,16
4595,"KY","Ohio ",NA,2021-04-23,2021,"Flood","SEVERE, STORMS, FLOODING, LANDSLIDES, AND MUDSLIDES",0,0,1,1,2021-02-27,2021-03-14,"",21,183,99183,21025,"2021-07-23T00:00:00.000Z","2023-05-22T03:41:22.800Z","34df26108ff399ff1ba695b9011bd0c286d70032","e5117d1e-e42e-4716-a698-9fc98ef0c126",2021,2,2021,3,16
4595,"KY","Pike ",NA,2021-04-23,2021,"Flood","SEVERE, STORMS, FLOODING, LANDSLIDES, AND MUDSLIDES",0,0,1,1,2021-02-27,2021-03-14,"",21,195,99195,21025,"2021-07-23T00:00:00.000Z","2023-05-22T03:41:22.800Z","b6de3092ea8a5f0b4ad79cbac4f3fc584f7acab9","636e4794-f2a0-4391-9804-a7782ed679a2",2021,2,2021,3,16
4595,"KY","Union ",NA,2021-04-23,2021,"Flood","SEVERE, STORMS, FLOODING, LANDSLIDES, AND MUDSLIDES",0,0,1,1,2021-02-27,2021-03-14,"",21,225,99225,21025,"2021-07-23T00:00:00.000Z","2023-05-22T03:41:22.800Z","e3b02e6d6a99ce15b05ca607823bcdd22682e968","8284c129-aa8b-4961-863b-867754aecf6f",2021,2,2021,3,16
4595,"KY","Whitley ",NA,2021-04-23,2021,"Flood","SEVERE, STORMS, FLOODING, LANDSLIDES, AND MUDSLIDES",0,0,1,1,2021-02-27,2021-03-14,"",21,235,99235,21025,"2021-07-23T00:00:00.000Z","2023-05-22T03:41:22.800Z","175b99c172e37189e27871cee78f0f36c415f617","5f30c721-8859-426f-b49e-7841c9c204c0",2021,2,2021,3,16
4595,"KY","Wolfe ",NA,2021-04-23,2021,"Flood","SEVERE, STORMS, FLOODING, LANDSLIDES, AND MUDSLIDES",0,0,1,1,2021-02-27,2021-03-14,"",21,237,99237,21025,"2021-07-23T00:00:00.000Z","2023-05-22T03:41:22.800Z","5839812a44057022178a6ab3257f9ff8d2c0d2f0","28c300ed-85c3-4308-b06e-74f609808a36",2021,2,2021,3,16
4595,"KY","Anderson ",NA,2021-04-23,2021,"Flood","SEVERE, STORMS, FLOODING, LANDSLIDES, AND MUDSLIDES",1,0,0,1,2021-02-27,2021-03-14,"",21,5,99005,21025,"2021-07-23T00:00:00.000Z","2023-05-22T03:41:22.800Z","3d74940044e7450194fe8dca4b0ad5b1ca3a072f","8ca47748-56fc-48aa-963f-3816ee86f247",2021,2,2021,3,16
4595,"KY","Fayette ",NA,2021-04-23,2021,"Flood","SEVERE, STORMS, FLOODING, LANDSLIDES, AND MUDSLIDES",1,0,0,1,2021-02-27,2021-03-14,"",21,67,99067,21025,"2021-07-23T00:00:00.000Z","2023-05-22T03:41:22.800Z","0528834875f7b8936f6161fcc9d0f6b63988d342","23be6e30-b24d-4dda-be81-2e3f40b4286d",2021,2,2021,3,16
4595,"KY","Jessamine ",NA,2021-04-23,2021,"Flood","SEVERE, STORMS, FLOODING, LANDSLIDES, AND MUDSLIDES",1,0,0,1,2021-02-27,2021-03-14,"",21,113,99113,21025,"2021-07-23T00:00:00.000Z","2023-05-22T03:41:22.800Z","77eab7aeee89db4877180b23350512f359a2d0a4","dadbddd6-ae1b-4dac-8dc2-87706648e235",2021,2,2021,3,16
4595,"KY","Laurel ",NA,2021-04-23,2021,"Flood","SEVERE, STORMS, FLOODING, LANDSLIDES, AND MUDSLIDES",1,0,0,1,2021-02-27,2021-03-14,"",21,125,99125,21025,"2021-07-23T00:00:00.000Z","2023-05-22T03:41:22.800Z","57c6a99b80627aeeec867537c495a49b6c611afe","b1d97fe0-a4d8-4825-9c44-c09e8c0cb435",2021,2,2021,3,16
4595,"KY","Warren ",NA,2021-04-23,2021,"Flood","SEVERE, STORMS, FLOODING, LANDSLIDES, AND MUDSLIDES",1,0,0,1,2021-02-27,2021-03-14,"",21,227,99227,21025,"2021-07-23T00:00:00.000Z","2023-05-22T03:41:22.800Z","cfdd77ee5a3d2f9c20720a8c4167a8cbf746db1a","f1075de6-1539-4f9c-adf1-fd7c4ea9e584",2021,2,2021,3,16
4595,"KY","Woodford ",NA,2021-04-23,2021,"Flood","SEVERE, STORMS, FLOODING, LANDSLIDES, AND MUDSLIDES",1,0,0,1,2021-02-27,2021-03-14,"",21,239,99239,21025,"2021-07-23T00:00:00.000Z","2023-05-22T03:41:22.800Z","afdf5ae59660ade64da343e6de99fe2d23a587c6","153e189c-d524-4f7b-9f7e-ae3065a7c30c",2021,2,2021,3,16
4595,"KY","Boyd ",NA,2021-04-23,2021,"Flood","SEVERE, STORMS, FLOODING, LANDSLIDES, AND MUDSLIDES",1,0,1,1,2021-02-27,2021-03-14,"",21,19,99019,21025,"2021-07-23T00:00:00.000Z","2023-05-22T03:41:22.800Z","8019842acadf034dc2371c83f1045f79bbdc2ceb","25e32e8b-08c4-420e-9a74-3d5e332cbb6e",2021,2,2021,3,16
4595,"KY","Breathitt ",NA,2021-04-23,2021,"Flood","SEVERE, STORMS, FLOODING, LANDSLIDES, AND MUDSLIDES",1,0,1,1,2021-02-27,2021-03-14,"",21,25,99025,21025,"2021-07-23T00:00:00.000Z","2023-05-22T03:41:22.800Z","da09757d299f025388b3ebaa77bb1222e0e4523f","14d75e15-2ebf-4d39-bcf8-84b775ee5c6d",2021,2,2021,3,16
4595,"KY","Clark ",NA,2021-04-23,2021,"Flood","SEVERE, STORMS, FLOODING, LANDSLIDES, AND MUDSLIDES",1,0,1,1,2021-02-27,2021-03-14,"",21,49,99049,21025,"2021-07-23T00:00:00.000Z","2023-05-22T03:41:22.800Z","83291d4bc31738f3516a2c9379921d60bddea5d9","265c9aa6-d697-42b1-bb2f-0c644d118209",2021,2,2021,3,16
4595,"KY","Clay ",NA,2021-04-23,2021,"Flood","SEVERE, STORMS, FLOODING, LANDSLIDES, AND MUDSLIDES",1,0,1,1,2021-02-27,2021-03-14,"",21,51,99051,21025,"2021-07-23T00:00:00.000Z","2023-05-22T03:41:22.800Z","5417885d3284d95ed4197abe2004fd3135f0a228","09c9ce5a-8741-48d3-a2f5-c7bce271a63f",2021,2,2021,3,16
4595,"KY","Estill ",NA,2021-04-23,2021,"Flood","SEVERE, STORMS, FLOODING, LANDSLIDES, AND MUDSLIDES",1,0,1,1,2021-02-27,2021-03-14,"",21,65,99065,21025,"2021-07-23T00:00:00.000Z","2023-05-22T03:41:22.800Z","8546685303e7e93c3fd1a1921fa7d8642962f8af","bfd14b3e-be4e-448f-93a3-3498fb6567c4",2021,2,2021,3,16
4595,"KY","Floyd ",NA,2021-04-23,2021,"Flood","SEVERE, STORMS, FLOODING, LANDSLIDES, AND MUDSLIDES",1,0,1,1,2021-02-27,2021-03-14,"",21,71,99071,21025,"2021-07-23T00:00:00.000Z","2023-05-22T03:41:22.800Z","23759605945385e147da49f4de4948cea2001c55","23a4ac13-4cd4-4d3a-a701-96b3cfc994c7",2021,2,2021,3,16
4595,"KY","Franklin ",NA,2021-04-23,2021,"Flood","SEVERE, STORMS, FLOODING, LANDSLIDES, AND MUDSLIDES",1,0,1,1,2021-02-27,2021-03-14,"",21,73,99073,21025,"2021-07-23T00:00:00.000Z","2023-05-22T03:41:22.800Z","6420e19eb9d3bff4966eb167b6f39757240c3674","ff0cb14c-5fbd-4fac-b453-eb6d780cfc7c",2021,2,2021,3,16
4595,"KY","Greenup ",NA,2021-04-23,2021,"Flood","SEVERE, STORMS, FLOODING, LANDSLIDES, AND MUDSLIDES",1,0,1,1,2021-02-27,2021-03-14,"",21,89,99089,21025,"2021-07-23T00:00:00.000Z","2023-05-22T03:41:22.800Z","c1995ea4f6bc065fc1791a6e70a38b32db8bc1ae","971fb9e4-7d0f-48c2-a41d-3008dc54eb83",2021,2,2021,3,16
4595,"KY","Jackson ",NA,2021-04-23,2021,"Flood","SEVERE, STORMS, FLOODING, LANDSLIDES, AND MUDSLIDES",1,0,1,1,2021-02-27,2021-03-14,"",21,109,99109,21025,"2021-07-23T00:00:00.000Z","2023-05-22T03:41:22.800Z","4b5236e6587ae0bd1867b7cd0f430321fc2a113e","0e344d91-3bcf-439f-a2b6-638565a50d43",2021,2,2021,3,16
4595,"KY","Johnson ",NA,2021-04-23,2021,"Flood","SEVERE, STORMS, FLOODING, LANDSLIDES, AND MUDSLIDES",1,0,1,1,2021-02-27,2021-03-14,"",21,115,99115,21025,"2021-07-23T00:00:00.000Z","2023-05-22T03:41:22.800Z","54e24a994da24fa7580103725a4be0be1fad4712","254b0fb4-3471-46dd-9cd2-4bc7cd9e6e92",2021,2,2021,3,16
4595,"KY","Knott ",NA,2021-04-23,2021,"Flood","SEVERE, STORMS, FLOODING, LANDSLIDES, AND MUDSLIDES",1,0,1,1,2021-02-27,2021-03-14,"",21,119,99119,21025,"2021-07-23T00:00:00.000Z","2023-05-22T03:41:22.800Z","0127beabdf949f3a5b20d3f42c90c63556089db4","91ef8193-3f80-44f2-98b0-75329bc635d3",2021,2,2021,3,16
4595,"KY","Lawrence ",NA,2021-04-23,2021,"Flood","SEVERE, STORMS, FLOODING, LANDSLIDES, AND MUDSLIDES",1,0,1,1,2021-02-27,2021-03-14,"",21,127,99127,21025,"2021-07-23T00:00:00.000Z","2023-05-22T03:41:22.800Z","7fd2b962a1b43aebc8069944f8b6f4f1fd209207","afd47805-db9b-47b5-ab29-1735620238e4",2021,2,2021,3,16
4595,"KY","Lee ",NA,2021-04-23,2021,"Flood","SEVERE, STORMS, FLOODING, LANDSLIDES, AND MUDSLIDES",1,0,1,1,2021-02-27,2021-03-14,"",21,129,99129,21025,"2021-07-23T00:00:00.000Z","2023-05-22T03:41:22.800Z","f705733f2968ee95d2952d5d57121c1a6d1e8c76","64b668c4-bc42-4b7d-967a-3b79e83200fa",2021,2,2021,3,16
4595,"KY","Leslie ",NA,2021-04-23,2021,"Flood","SEVERE, STORMS, FLOODING, LANDSLIDES, AND MUDSLIDES",1,0,1,1,2021-02-27,2021-03-14,"",21,131,99131,21025,"2021-07-23T00:00:00.000Z","2023-05-22T03:41:22.800Z","c9a421d5f02f097c6d10c1dc8b6721394b653d6c","36585f01-f6d2-4eaa-aa4e-832ad1683553",2021,2,2021,3,16
4595,"KY","Letcher ",NA,2021-04-23,2021,"Flood","SEVERE, STORMS, FLOODING, LANDSLIDES, AND MUDSLIDES",1,0,1,1,2021-02-27,2021-03-14,"",21,133,99133,21025,"2021-07-23T00:00:00.000Z","2023-05-22T03:41:22.800Z","9d730642d700b1a9d8d6124224ce17593ef28564","ca1b4776-a04e-491d-9ff6-04f41af9c883",2021,2,2021,3,16
4595,"KY","Lincoln ",NA,2021-04-23,2021,"Flood","SEVERE, STORMS, FLOODING, LANDSLIDES, AND MUDSLIDES",1,0,1,1,2021-02-27,2021-03-14,"",21,137,99137,21025,"2021-07-23T00:00:00.000Z","2023-05-22T03:41:22.800Z","5cc13959421d3715cba1f6f6d4c74c38925c12cb","61ed2bb0-06fd-493b-8e7d-e4ef1c5c0f2c",2021,2,2021,3,16
4595,"KY","Madison ",NA,2021-04-23,2021,"Flood","SEVERE, STORMS, FLOODING, LANDSLIDES, AND MUDSLIDES",1,0,1,1,2021-02-27,2021-03-14,"",21,151,99151,21025,"2021-07-23T00:00:00.000Z","2023-05-22T03:41:22.800Z","9f92999001127b345b5a073bf3e3488b667e5bbf","370f0d9d-8868-4df6-9b0e-6a7a4967b485",2021,2,2021,3,16
4595,"KY","Magoffin ",NA,2021-04-23,2021,"Flood","SEVERE, STORMS, FLOODING, LANDSLIDES, AND MUDSLIDES",1,0,1,1,2021-02-27,2021-03-14,"",21,153,99153,21025,"2021-07-23T00:00:00.000Z","2023-05-22T03:41:22.800Z","f1b6f3bd3ec43739b7c3196cac07dd6aa6374193","1e338e99-d8e6-427f-8abd-16002a25d6c4",2021,2,2021,3,16
4595,"KY","Martin ",NA,2021-04-23,2021,"Flood","SEVERE, STORMS, FLOODING, LANDSLIDES, AND MUDSLIDES",1,0,1,1,2021-02-27,2021-03-14,"",21,159,99159,21025,"2021-07-23T00:00:00.000Z","2023-05-22T03:41:22.800Z","b6b9a3f87e31bbebc828bb4972da3c4d0e7508d2","cef7b488-4875-4be2-aa8c-50521b4ee1ea",2021,2,2021,3,16
4595,"KY","Morgan ",NA,2021-04-23,2021,"Flood","SEVERE, STORMS, FLOODING, LANDSLIDES, AND MUDSLIDES",1,0,1,1,2021-02-27,2021-03-14,"",21,175,99175,21025,"2021-07-23T00:00:00.000Z","2023-05-22T03:41:22.800Z","d3f6c4a0289edd42e263ad2d7ce2addbe4610a59","61fad8a6-3488-4bba-a79a-05fffa4884e3",2021,2,2021,3,16
4595,"KY","Owsley ",NA,2021-04-23,2021,"Flood","SEVERE, STORMS, FLOODING, LANDSLIDES, AND MUDSLIDES",1,0,1,1,2021-02-27,2021-03-14,"",21,189,99189,21025,"2021-07-23T00:00:00.000Z","2023-05-22T03:41:22.800Z","42a27f4733238d8e47d8b2b7b3753372d7f7391f","e59c37d4-a248-4716-95ea-8c9fa4d41da6",2021,2,2021,3,16
4595,"KY","Perry ",NA,2021-04-23,2021,"Flood","SEVERE, STORMS, FLOODING, LANDSLIDES, AND MUDSLIDES",1,0,1,1,2021-02-27,2021-03-14,"",21,193,99193,21025,"2021-07-23T00:00:00.000Z","2023-05-22T03:41:22.800Z","52070b63acc39dde3dc2e733eec00eba09f6d025","df28104c-9080-4136-9986-88516be85c1f",2021,2,2021,3,16
4595,"KY","Powell ",NA,2021-04-23,2021,"Flood","SEVERE, STORMS, FLOODING, LANDSLIDES, AND MUDSLIDES",1,0,1,1,2021-02-27,2021-03-14,"",21,197,99197,21025,"2021-07-23T00:00:00.000Z","2023-05-22T03:41:22.800Z","c2eed8fd82de10f120bcf070436053fe0da6af9a","df8ebf44-6113-485c-96cb-02bc10b1c3a8",2021,2,2021,3,16
4595,"KY","Pulaski ",NA,2021-04-23,2021,"Flood","SEVERE, STORMS, FLOODING, LANDSLIDES, AND MUDSLIDES",1,0,1,1,2021-02-27,2021-03-14,"",21,199,99199,21025,"2021-07-23T00:00:00.000Z","2023-05-22T03:41:22.800Z","4305b5225637715867c50624f99a0566d9d2f131","7d13b9fb-1be1-4241-ad4d-236134a5e297",2021,2,2021,3,16
4595,"KY","Rockcastle ",NA,2021-04-23,2021,"Flood","SEVERE, STORMS, FLOODING, LANDSLIDES, AND MUDSLIDES",1,0,1,1,2021-02-27,2021-03-14,"",21,203,99203,21025,"2021-07-23T00:00:00.000Z","2023-05-22T03:41:22.800Z","002912628825ede68ad0bcc9201cda444c6704cf","1d07c277-6e5c-4791-88ca-39fa34d6e9a7",2021,2,2021,3,16
4571,"PR",NA,NA,2020-11-05,2021,"Flood","SEVERE STORM AND FLOODING",1,0,0,0,2020-09-13,2020-09-13,"",72,13,99013,20315,"2021-01-04T00:00:00.000Z","2023-05-22T03:41:22.800Z","ed3eb181271b6771c500afb341ebb6deb3783018","8fd053e4-2998-4f39-997f-596460db0440",2020,9,2020,9,1
4553,"ND","Barnes ",NA,2020-07-09,2020,"Flood","FLOODING",0,0,1,1,2020-04-01,2020-04-25,"",38,3,99003,20188,"","2023-05-22T03:41:22.800Z","043cce4b12e23b966ee67af16700c537ab5dbd91","b0ae3372-781d-4adf-819f-88ac382593ca",2020,4,2020,4,25
4553,"ND","Cass ",NA,2020-07-09,2020,"Flood","FLOODING",0,0,1,1,2020-04-01,2020-04-25,"",38,17,99017,20188,"","2023-05-22T03:41:22.800Z","55dac6619be62f8f9f434066f692a4f4fe967f54","f9d48228-0637-433b-be22-6d2c12879f17",2020,4,2020,4,25
4553,"ND","Dickey ",NA,2020-07-09,2020,"Flood","FLOODING",0,0,1,1,2020-04-01,2020-04-25,"",38,21,99021,20188,"","2023-05-22T03:41:22.800Z","fd552ffaf4d43e602ddad5b8cc8aef8f5aad022f","a3828902-9614-49cc-b1cf-6706dc30e566",2020,4,2020,4,25
4553,"ND","Foster ",NA,2020-07-09,2020,"Flood","FLOODING",0,0,1,1,2020-04-01,2020-04-25,"",38,31,99031,20188,"","2023-05-22T03:41:22.800Z","9f31e7d86b3a92159b6272a82a76fbe2fecff811","8d0f9935-f2e2-429d-90c5-551372df12c4",2020,4,2020,4,25
4553,"ND","Grand Forks ",NA,2020-07-09,2020,"Flood","FLOODING",0,0,1,1,2020-04-01,2020-04-25,"",38,35,99035,20188,"","2023-05-22T03:41:22.800Z","691298b683bbf46c53654708a3ca546bc234f894","0dac716e-c866-4afc-ae7d-c5c864c67838",2020,4,2020,4,25
4553,"ND","Kidder ",NA,2020-07-09,2020,"Flood","FLOODING",0,0,1,1,2020-04-01,2020-04-25,"",38,43,99043,20188,"","2023-05-22T03:41:22.800Z","32704f4749584877c4c355a19b71ade6e4e37134","538e733a-e174-4b05-967b-8c62f4cee961",2020,4,2020,4,25
4553,"ND","LaMoure ",NA,2020-07-09,2020,"Flood","FLOODING",0,0,1,1,2020-04-01,2020-04-25,"",38,45,99045,20188,"","2023-05-22T03:41:22.800Z","3492411f0d82802c45e0e50120b4b6cf82a3a332","31c7cb35-6730-4b8a-85ed-0ed70282d533",2020,4,2020,4,25
4553,"ND","Logan ",NA,2020-07-09,2020,"Flood","FLOODING",0,0,1,1,2020-04-01,2020-04-25,"",38,47,99047,20188,"","2023-05-22T03:41:22.800Z","078c4a0d386a29d56afd002a6255691a02b68166","587c0d44-f549-404b-a857-30a2399bf02f",2020,4,2020,4,25
4553,"ND","McIntosh ",NA,2020-07-09,2020,"Flood","FLOODING",0,0,1,1,2020-04-01,2020-04-25,"",38,51,99051,20188,"","2023-05-22T03:41:22.800Z","06aee34ace3cd384e234b213270200917b57ca78","01bd1979-0aba-446b-8bbf-7e0b722fb66f",2020,4,2020,4,25
4553,"ND","Nelson ",NA,2020-07-09,2020,"Flood","FLOODING",0,0,1,1,2020-04-01,2020-04-25,"",38,63,99063,20188,"","2023-05-22T03:41:22.800Z","993900d7e995b4e64fd1e3bbcb5f481c053c6178","97b4c0cc-2fe6-4fa3-8834-a286c5c5eb50",2020,4,2020,4,25
4553,"ND","Pembina ",NA,2020-07-09,2020,"Flood","FLOODING",0,0,1,1,2020-04-01,2020-04-25,"",38,67,99067,20188,"","2023-05-22T03:41:22.800Z","bf9f38b46934e9620e987060c28367fb0a7dae9d","c70f3a16-f41a-443f-8843-7441f107ea43",2020,4,2020,4,25
4553,"ND","Ransom ",NA,2020-07-09,2020,"Flood","FLOODING",0,0,1,1,2020-04-01,2020-04-25,"",38,73,99073,20188,"","2023-05-22T03:41:22.800Z","6e13103179bc22a8ea8a16f2315d71880a64afe6","e91c21e6-95dc-44fa-8a14-8df22429905f",2020,4,2020,4,25
4553,"ND","Richland ",NA,2020-07-09,2020,"Flood","FLOODING",0,0,1,1,2020-04-01,2020-04-25,"",38,77,99077,20188,"","2023-05-22T03:41:22.800Z","f486310ac83cc98bf80782884dd79824dd682e69","ef5cdfcc-950c-4007-939a-4bc5d171c2dd",2020,4,2020,4,25
4553,"ND","Sargent ",NA,2020-07-09,2020,"Flood","FLOODING",0,0,1,1,2020-04-01,2020-04-25,"",38,81,99081,20188,"","2023-05-22T03:41:22.800Z","add59ad1f2446313532afd735c03fef18a050d2a","383f7ee7-4bf4-4e55-aa93-1b0397849ed7",2020,4,2020,4,25
4553,"ND","Sheridan ",NA,2020-07-09,2020,"Flood","FLOODING",0,0,1,1,2020-04-01,2020-04-25,"",38,83,99083,20188,"","2023-05-22T03:41:22.800Z","71f75b68b1b9d2add6a0ff9d03f480746635cefd","e2df77f8-6cc9-46a6-8148-5a050e6369c6",2020,4,2020,4,25
4553,"ND","Steele ",NA,2020-07-09,2020,"Flood","FLOODING",0,0,1,1,2020-04-01,2020-04-25,"",38,91,99091,20188,"","2023-05-22T03:41:22.800Z","12de9ac842a299a237903fb9bf3fa4fca9d5dbb9","659d1365-131a-41ad-bf89-41f9f3ddd28c",2020,4,2020,4,25
4553,"ND","Stutsman ",NA,2020-07-09,2020,"Flood","FLOODING",0,0,1,1,2020-04-01,2020-04-25,"",38,93,99093,20188,"","2023-05-22T03:41:22.800Z","24d53976c6e4a4da172133b8215baf1f2c12fbfd","50d731d1-9644-4049-bba5-760f8f294e45",2020,4,2020,4,25
4553,"ND","Traill ",NA,2020-07-09,2020,"Flood","FLOODING",0,0,1,1,2020-04-01,2020-04-25,"",38,97,99097,20188,"","2023-05-22T03:41:22.800Z","b6ddab70544d4dda5e9be0e13a7e474ca90d673e","a88be178-7360-4d44-b0b0-c722c92e551b",2020,4,2020,4,25
4553,"ND","Walsh ",NA,2020-07-09,2020,"Flood","FLOODING",0,0,1,1,2020-04-01,2020-04-25,"",38,99,99099,20188,"","2023-05-22T03:41:22.800Z","4af96fd191941507f7a7c186325aecd2448e508c","67580877-e337-430e-9b95-b7767cd4d912",2020,4,2020,4,25
4553,"ND","Wells ",NA,2020-07-09,2020,"Flood","FLOODING",0,0,1,1,2020-04-01,2020-04-25,"",38,103,99103,20188,"","2023-05-22T03:41:22.800Z","016606b3bcc414d7f4f024c39d834072ec7501d2","7f249912-df85-484c-b4d0-0519f28c4694",2020,4,2020,4,25
4539,"WA","Columbia ",NA,2020-04-23,2020,"Flood","SEVERE STORMS, FLOODING, LANDSLIDES, AND MUDSLIDES",0,0,1,1,2020-01-20,2020-02-10,"",53,13,99013,20108,"","2023-05-22T03:41:22.800Z","9a9451e59a1fe49edb963c46a2eb94f83c515b91","d104e36d-b9e1-4e15-a457-0e1cd3019e1f",2020,1,2020,2,22
4539,"WA","Garfield ",NA,2020-04-23,2020,"Flood","SEVERE STORMS, FLOODING, LANDSLIDES, AND MUDSLIDES",0,0,1,1,2020-01-20,2020-02-10,"",53,23,99023,20108,"","2023-05-22T03:41:22.800Z","18290f8bf6b396c90e9e65f54a5f5c4bda6bec17","4d667310-4f1b-4a1f-955d-36991477817d",2020,1,2020,2,22
4539,"WA","Grays Harbor ",NA,2020-04-23,2020,"Flood","SEVERE STORMS, FLOODING, LANDSLIDES, AND MUDSLIDES",0,0,1,1,2020-01-20,2020-02-10,"",53,27,99027,20108,"","2023-05-22T03:41:22.800Z","87826f903ecc3e2b28879a75ff535d8f0c86018f","78263898-8882-4179-b4d9-eb46b5d66214",2020,1,2020,2,22
4539,"WA","Island ",NA,2020-04-23,2020,"Flood","SEVERE STORMS, FLOODING, LANDSLIDES, AND MUDSLIDES",0,0,1,1,2020-01-20,2020-02-10,"",53,29,99029,20108,"","2023-05-22T03:41:22.800Z","ee43071067798e67a5918fc7168ae2b4c94ea09e","e59432be-ce69-4690-b724-862c2dea32bb",2020,1,2020,2,22
4539,"WA","King ",NA,2020-04-23,2020,"Flood","SEVERE STORMS, FLOODING, LANDSLIDES, AND MUDSLIDES",0,0,1,1,2020-01-20,2020-02-10,"",53,33,99033,20108,"","2023-05-22T03:41:22.800Z","fed72e399fc0744b6b32e4d43d8d2a463c656c57","772a6126-cff6-4a7d-9019-beca35fe0b24",2020,1,2020,2,22
4539,"WA","Lewis ",NA,2020-04-23,2020,"Flood","SEVERE STORMS, FLOODING, LANDSLIDES, AND MUDSLIDES",0,0,1,1,2020-01-20,2020-02-10,"",53,41,99041,20108,"","2023-05-22T03:41:22.800Z","25b78460861bb3ff15f8cf9f021ed841d977b86e","f3077e65-6545-4434-88de-374acdce002c",2020,1,2020,2,22
4539,"WA","Mason ",NA,2020-04-23,2020,"Flood","SEVERE STORMS, FLOODING, LANDSLIDES, AND MUDSLIDES",0,0,1,1,2020-01-20,2020-02-10,"",53,45,99045,20108,"","2023-05-22T03:41:22.800Z","f671af2d560a456fa834fab154fda56b063af059","dfac65ac-9c98-4241-9d21-e0e53160a16b",2020,1,2020,2,22
4539,"WA","Pacific ",NA,2020-04-23,2020,"Flood","SEVERE STORMS, FLOODING, LANDSLIDES, AND MUDSLIDES",0,0,1,1,2020-01-20,2020-02-10,"",53,49,99049,20108,"","2023-05-22T03:41:22.800Z","4901de7ef3f0226f84447641ecd1220f4e15e32f","c1adcd9a-957c-40b1-bc7c-998583016f0a",2020,1,2020,2,22
4539,"WA","San Juan ",NA,2020-04-23,2020,"Flood","SEVERE STORMS, FLOODING, LANDSLIDES, AND MUDSLIDES",0,0,1,1,2020-01-20,2020-02-10,"",53,55,99055,20108,"","2023-05-22T03:41:22.800Z","1bc3bbb48b93422c1e85982c361ad5e717783a26","7c4c2329-c9f8-466a-a60d-6f03bd25b11d",2020,1,2020,2,22
4539,"WA","Skagit ",NA,2020-04-23,2020,"Flood","SEVERE STORMS, FLOODING, LANDSLIDES, AND MUDSLIDES",0,0,1,1,2020-01-20,2020-02-10,"",53,57,99057,20108,"","2023-05-22T03:41:22.800Z","7c82b1c12a7344f5dcb329b3267de553dd3a05b5","2e72df3d-aa3b-4a6a-868c-ca2a1ee12055",2020,1,2020,2,22
4539,"WA","Snohomish ",NA,2020-04-23,2020,"Flood","SEVERE STORMS, FLOODING, LANDSLIDES, AND MUDSLIDES",0,0,1,1,2020-01-20,2020-02-10,"",53,61,99061,20108,"","2023-05-22T03:41:22.800Z","964ddc1afd81037d3d28e3936578647725a5e2b2","45f650c8-dc61-4b36-b1f2-e695d0930c99",2020,1,2020,2,22
4539,"WA","Thurston ",NA,2020-04-23,2020,"Flood","SEVERE STORMS, FLOODING, LANDSLIDES, AND MUDSLIDES",0,0,1,1,2020-01-20,2020-02-10,"",53,67,99067,20108,"","2023-05-22T03:41:22.800Z","3a3363700079ee2b3c9651a695e3e80d6fa274e4","a9acea26-ef9b-46a9-bdc9-0e850fb0beea",2020,1,2020,2,22
4539,"WA","Wahkiakum ",NA,2020-04-23,2020,"Flood","SEVERE STORMS, FLOODING, LANDSLIDES, AND MUDSLIDES",0,0,1,1,2020-01-20,2020-02-10,"",53,69,99069,20108,"","2023-05-22T03:41:22.800Z","ff8eca03c4718c7bb4c94b1cbc670ff3c0c6da2b","6b53e559-6d46-46f0-9326-11d7c8745128",2020,1,2020,2,22
4539,"WA","Walla Walla ",NA,2020-04-23,2020,"Flood","SEVERE STORMS, FLOODING, LANDSLIDES, AND MUDSLIDES",0,0,1,1,2020-01-20,2020-02-10,"",53,71,99071,20108,"","2023-05-22T03:41:22.800Z","e6da39dc78ea5ccc51e7c9585b6152e405eb2f8d","792e7900-a495-433b-a634-4ffbcd655821",2020,1,2020,2,22
4539,"WA","Whatcom ",NA,2020-04-23,2020,"Flood","SEVERE STORMS, FLOODING, LANDSLIDES, AND MUDSLIDES",0,0,1,1,2020-01-20,2020-02-10,"",53,73,99073,20108,"","2023-05-22T03:41:22.800Z","a5ac5196932995209ccd85b5371d07d21fadd537","acf2842b-5d01-476c-858a-06d49857c641",2020,1,2020,2,22
4519,"OR","Union ",NA,2020-04-03,2020,"Flood","SEVERE STORMS, FLOODING, LANDSLIDES, AND MUDSLIDES",0,0,1,1,2020-02-05,2020-02-09,"",41,61,99061,20142,"2020-07-02T00:00:00.000Z","2023-05-22T03:41:22.800Z","7ea27598a8cee04cc347861cced239c41790fe84","dc00ba43-7fc0-4b1d-97dd-14a9a583e9e1",2020,2,2020,2,5
4519,"OR","Wallowa ",NA,2020-04-03,2020,"Flood","SEVERE STORMS, FLOODING, LANDSLIDES, AND MUDSLIDES",0,0,1,1,2020-02-05,2020-02-09,"",41,63,99063,20142,"2020-07-02T00:00:00.000Z","2023-05-22T03:41:22.800Z","9728189df0194008a822d1e90e44b962974db90d","78e2dbb9-b6aa-4e28-92c7-dc82b64c2133",2020,2,2020,2,5
4519,"OR",NA,"Umatilla Indian Reservation",2020-04-03,2020,"Flood","SEVERE STORMS, FLOODING, LANDSLIDES, AND MUDSLIDES",1,0,1,1,2020-02-05,2020-02-09,"",41,0,75750,20142,"2020-07-02T00:00:00.000Z","2023-05-22T03:41:22.800Z","829ac1985d29f111b772ce34b7507f6bc9a14869","39b1255d-97c8-4651-9b6e-1f6755471bb3",2020,2,2020,2,5
4519,"OR","Umatilla ",NA,2020-04-03,2020,"Flood","SEVERE STORMS, FLOODING, LANDSLIDES, AND MUDSLIDES",1,0,1,1,2020-02-05,2020-02-09,"",41,59,99059,20142,"2020-07-02T00:00:00.000Z","2023-05-22T03:41:22.800Z","fc8235276dbd5fe345a8b319feca1b59f9b4f0c2","17a39b8c-5cf1-4da6-b404-71c3ad79def1",2020,2,2020,2,5
4477,"WI","Kenosha ",NA,2020-03-11,2020,"Flood","SEVERE WINTER STORM AND FLOODING",0,0,1,1,2020-01-10,2020-01-12,"",55,59,99059,20011,"","2023-05-22T03:41:22.800Z","47455d8492500baa1d740cf6a3302afbff9e9d75","98e61a3b-760b-4e34-ae96-c76dab79ee77",2020,1,2020,1,3
4477,"WI","Milwaukee ",NA,2020-03-11,2020,"Flood","SEVERE WINTER STORM AND FLOODING",0,0,1,1,2020-01-10,2020-01-12,"",55,79,99079,20011,"","2023-05-22T03:41:22.800Z","5a1cdfad675f09042864ff555ec3975ec3287840","77d2822d-c10f-4d7f-a0ec-ae1db97ef441",2020,1,2020,1,3
4477,"WI","Racine ",NA,2020-03-11,2020,"Flood","SEVERE WINTER STORM AND FLOODING",0,0,1,1,2020-01-10,2020-01-12,"",55,101,99101,20011,"","2023-05-22T03:41:22.800Z","df15e31fb03ac20f69a4ecef6d23cbbc9dc70722","93dbbb8b-ec8b-441e-9397-7eb44bf57a0c",2020,1,2020,1,3
4475,"ND","Barnes ",NA,2020-01-21,2020,"Flood","FLOODING",0,0,1,1,2019-10-09,2019-10-26,"",38,3,99003,19106,"","2023-05-22T03:41:22.800Z","a6081f40e43e2d53199528368d07dca535723e34","c6af98b2-a7fc-4b63-b7a9-8b96fbc8837b",2019,10,2019,10,18
4475,"ND","Dickey ",NA,2020-01-21,2020,"Flood","FLOODING",0,0,1,1,2019-10-09,2019-10-26,"",38,21,99021,19106,"","2023-05-22T03:41:22.800Z","140081e519031f62b7b3f12e7d14855d34192174","55219b19-2b01-4b73-abf6-5c049ac0ebbe",2019,10,2019,10,18
4475,"ND","Eddy ",NA,2020-01-21,2020,"Flood","FLOODING",0,0,1,1,2019-10-09,2019-10-26,"",38,27,99027,19106,"","2023-05-22T03:41:22.800Z","9c93615481266c74da5ae8da37a37ae66e794325","2e4d51cc-600b-46b1-bfdb-3b0eecaa5c7a",2019,10,2019,10,18
4475,"ND","Emmons ",NA,2020-01-21,2020,"Flood","FLOODING",0,0,1,1,2019-10-09,2019-10-26,"",38,29,99029,19106,"","2023-05-22T03:41:22.800Z","1141a84847f91ba4db81e07c62547cb80ab9de3c","71d79455-4b3b-4968-8cc7-e3e8789e16ca",2019,10,2019,10,18
4475,"ND","Foster ",NA,2020-01-21,2020,"Flood","FLOODING",0,0,1,1,2019-10-09,2019-10-26,"",38,31,99031,19106,"","2023-05-22T03:41:22.800Z","5ceac6c4064dc47ce70c87f0c543d5cdae58b946","e5c2bed5-d13a-4185-adf7-2e4fdf0f377a",2019,10,2019,10,18
4475,"ND","Grand Forks ",NA,2020-01-21,2020,"Flood","FLOODING",0,0,1,1,2019-10-09,2019-10-26,"",38,35,99035,19106,"","2023-05-22T03:41:22.800Z","e24a296e64b1781ac93ac82a267d5d732666ec73","6c81157e-63ec-41cb-a725-23ddbc99df60",2019,10,2019,10,18
4475,"ND","Griggs ",NA,2020-01-21,2020,"Flood","FLOODING",0,0,1,1,2019-10-09,2019-10-26,"",38,39,99039,19106,"","2023-05-22T03:41:22.800Z","7bb0fd00e0104ac6ab8d8c7dcd1bfa8736a59c04","182baf93-0998-4119-a09c-82f618fb8b12",2019,10,2019,10,18
4475,"ND","Kidder ",NA,2020-01-21,2020,"Flood","FLOODING",0,0,1,1,2019-10-09,2019-10-26,"",38,43,99043,19106,"","2023-05-22T03:41:22.800Z","94274b2379dd5708d881e4443310ce258edf21d5","bd6198f7-18fc-4a55-aacb-3947f684452a",2019,10,2019,10,18
4475,"ND","LaMoure ",NA,2020-01-21,2020,"Flood","FLOODING",0,0,1,1,2019-10-09,2019-10-26,"",38,45,99045,19106,"","2023-05-22T03:41:22.800Z","20976b11ab8171342b1af1b9970aab8e45f94aa5","53176222-4477-478d-8bf4-bc56dc206bbc",2019,10,2019,10,18
4475,"ND","Logan ",NA,2020-01-21,2020,"Flood","FLOODING",0,0,1,1,2019-10-09,2019-10-26,"",38,47,99047,19106,"","2023-05-22T03:41:22.800Z","c603c083addee5d3cd3d80a6713dedd3b252a8d9","803ae819-d9a9-4a6e-bf2d-9946cb5d4178",2019,10,2019,10,18
4475,"ND","Mountrail ",NA,2020-01-21,2020,"Flood","FLOODING",0,0,1,1,2019-10-09,2019-10-26,"",38,61,99061,19106,"","2023-05-22T03:41:22.800Z","77c98619cd27bb7f434e0f3ea09d2df1d1f34274","090c6e93-13f7-4f08-bb3d-6ddc3104c3d8",2019,10,2019,10,18
4475,"ND","Nelson ",NA,2020-01-21,2020,"Flood","FLOODING",0,0,1,1,2019-10-09,2019-10-26,"",38,63,99063,19106,"","2023-05-22T03:41:22.800Z","d4ed6f52a01a7b5530fb69cc791b92a1a2807611","76d9b7eb-7d58-4d1b-b12a-b6def8cc78aa",2019,10,2019,10,18
4475,"ND","Sargent ",NA,2020-01-21,2020,"Flood","FLOODING",0,0,1,1,2019-10-09,2019-10-26,"",38,81,99081,19106,"","2023-05-22T03:41:22.800Z","25798fc177a8037e57c25e22e7ae2f977e67e477","25745f9c-9c28-4010-90f2-4636a05ba6bf",2019,10,2019,10,18
4475,"ND","Sheridan ",NA,2020-01-21,2020,"Flood","FLOODING",0,0,1,1,2019-10-09,2019-10-26,"",38,83,99083,19106,"","2023-05-22T03:41:22.800Z","0949998815ae039b4f8904e51b708726f53167d4","f827abb7-a14b-483c-bddc-48458e3d195e",2019,10,2019,10,18
4475,"ND","Stutsman ",NA,2020-01-21,2020,"Flood","FLOODING",0,0,1,1,2019-10-09,2019-10-26,"",38,93,99093,19106,"","2023-05-22T03:41:22.800Z","84dadd304d46ec56d07143675d1347b5a53132da","8a7e5bc9-7b9a-4d8b-b644-8816dfccf8a5",2019,10,2019,10,18
4475,"ND","Traill ",NA,2020-01-21,2020,"Flood","FLOODING",0,0,1,1,2019-10-09,2019-10-26,"",38,97,99097,19106,"","2023-05-22T03:41:22.800Z","a7573debc248410f52e891b2db31c2c84ed5a346","41599ca5-5692-4964-b724-b68dff7e6e34",2019,10,2019,10,18
4475,"ND","Walsh ",NA,2020-01-21,2020,"Flood","FLOODING",0,0,1,1,2019-10-09,2019-10-26,"",38,99,99099,19106,"","2023-05-22T03:41:22.800Z","90728b75ff67954c71483d92476f73b89ac98306","7fad4f80-527c-4aeb-b141-b59b1878e82f",2019,10,2019,10,18
4475,"ND","Wells ",NA,2020-01-21,2020,"Flood","FLOODING",0,0,1,1,2019-10-09,2019-10-26,"",38,103,99103,19106,"","2023-05-22T03:41:22.800Z","71bc2abe4e8079f7111c7fbf024a0b6880e7912b","a8e7df82-9f9b-415d-8ac8-d39a9e47b338",2019,10,2019,10,18
